RobertsNum,Species,Latin,Mass,Length,Wing,Breed,BrSys,Diet,ShrubNest,CavityNest,TreeNest,GroundNest,GrassNest,NestMinHt,NestMaxHt,ClutchM,EggDim1,EggDim2,IncPeriod,NestlingPeriod,DepFledPer,NestlingPred,EggPred,Parasite,AdPred,MaxLifespan,AnnSurvival,MultiBrood,Phylo
1,Common Ostrich,Struthio camelus,70000,200,900,0,Polyg,seeds,0,0,0,1,0,0,0,13,145,121.2,46,150,120,0,0,0,0,50,,0,
55,White-breasted Cormorant,Phalacrocorax lucidus,3000,90,317,1,Pair,fish,0,0,0,0,0,,,3.1,63,39.9,27.5,53,45,0,0,0,0,21.3,,,
58,Reed Cormorant,Phalacrocorax africanus,550,55,218,1,Pair,fish,0,0,1,0,0,,,3.6,44.2,29.4,23.5,35,28,0,0,0,1,17,,,
62,Grey Heron,Ardea cinerea,1400,94,443,1,Pair,vertebrates,0,0,1,0,0,1.5,2,3.2,60,73,26,50,20,0,0,0,1,37.5,,,
63,Black-headed Heron,Ardea melanocephala,1100,92,401,1,Pair,invertebrates,0,0,1,0,0,,,3.2,62,44,25,52,8,0,0,0,1,,,,
71,Cattle Egret,Bubulcus ibis,365,54,248,1,Pair,invertebrates,0,0,1,0,0,,,2.6,44.9,33.8,24,30,15,0,0,0,1,23,75,,
81,Hamerkop,Scopus umbretta,500,56,310,1,Pair,vertebrates,0,0,1,0,0,,,4.6,45.7,34.8,28,47.5,,0,0,0,0,20,,,
89,Marabou Stork,Leptoptilos crumeniferus,6400,152,678,1,Pair,carrion,0,0,1,0,0,2,40,2.4,76.1,55.9,30,105,25,1,0,0,1,44.7,,,
94,Hadada Ibis,Bostrychia hagedash,1250,76,344,1,Pair,invertebrates,0,0,1,0,0,1,8,2.4,60.3,42,26.5,49,60,0,0,0,0,16,,,
99,White-faced Whistling Duck,Dendrocygna viduata,702,47,230.1,1,Pair,seeds,0,0,0,1,0,0,1,10.5,49,37.4,28,63,365,0,0,0,0,12,,0,
102,Egyptian Goose,Alopochen aegyptiaca,2100,68,369.3,1,Pair,grass,0,0,1,0,0,0,60,7,68.5,51.2,29,70,,0,0,0,0,15.8,,1,
121,Hooded Vulture,Necrosyrtes monachus,2100,70,523,1,Pair,carrion,0,0,1,0,0,7,18,1,76.2,56.4,50.5,110,,1,0,0,0,21,,0,
123,White-backed Vulture,Gyps africanus,5500,95,615.1,1,Pair,carrion,0,0,1,0,0,7,25,1,88.1,66.3,57,130,165,0,0,0,0,19.8,,0,
126,Yellow-billed Kite,Milvus parasiticus,674,55,444,1,Pair,carrion,0,0,1,0,0,5,15,2,53.5,40.1,37.5,43.5,,0,0,0,1,23,,,
127,Black-shouldered Kite,Elanus caeruleus,248,30,267.9,1,Pair,vertebrates,0,0,1,0,0,1.6,7.8,3.6,40.1,31.7,31,35,56,0,0,0,1,6,,,
135,Wahlberg's Eagle,Aquila wahlbergi,1300,58,431,1,Pair,vertebrates,0,0,1,0,0,,,1,61.5,49,45,72.5,70,0,0,0,1,14,80,,
137,African Hawk-Eagle,Aquila spilogaster,1600,63,435,1,Pair,vertebrates,0,0,1,0,0,6,19,1.64,65.3,51.3,43,67,28,0,0,0,1,12,,,
146,Bateleur,Terathopius ecaudatus,2250,63,538,1,Pair,vertebrates,0,0,1,0,0,12,26,1,79.1,62.7,55,113,120,0,0,0,1,27,,0,
148,African Fish Eagle,Haliaeetus vocifer,2500,68,570,1,Pair,fish,0,0,1,0,0,12,15,2.1,71.1,54.1,43.5,135,,0,0,0,1,24,,0,
149,Steppe Buzzard,Buteo vulpinus,820,48,369,0,,invertebrates,0,0,0,0,0,,,,,,,,,0,0,0,1,12,,,
154,Lizard Buzzard,Kaupifalco monogrammicus,273,36,233,1,Pair,vertebrates,0,0,1,0,0,6,10,1.9,44,35.2,33,40,69,1,0,0,0,8.6,,0,
160,African Goshawk,Accipiter tachiro,360,45,248,1,Pair,vertebrates,0,0,1,0,0,4,15,2.2,44.5,36,36,32.5,45,1,0,1,1,,,,
161,Gabar Goshawk,Melierax gabar,164,32,200,1,Pair,vertebrates,0,0,1,0,0,2,25,2.5,39.8,31.1,35.5,35.5,30,1,0,0,1,,,,
169,African Harrier-Hawk,Polyboroides typus,750,63,470,1,Pair,vertebrates,0,0,1,0,0,,,1.71,55.7,43.9,35.5,50,10,1,1,0,1,8,,,
171,Peregrine Falcon,Falco peregrinus,650,39,321,1,Pair,vertebrates,0,0,0,0,0,,,2.9,51.3,46.6,34,44,60,0,0,0,1,12,84,,
173,Eurasian Hobby,Falco subbuteo,215,32,268,0,,invertebrates,0,0,0,0,0,,,,,,,,,0,0,0,1,14.9,,,
180,Amur Falcon,Falco amurensis,142,29,233,0,,invertebrates,0,0,0,0,0,,,,,,,,,0,0,0,1,,,,
189,Crested Francolin,Dendroperdix sephaena,350,33,146,1,Pair,seeds,0,0,0,1,0,0,0,4.8,39.7,30.4,20.5,,,0,0,0,0,,,,
191,Shelley's Francolin,Scleroptila shelleyi,475,33,159,1,Pair,seeds,0,0,0,1,0,0,0,5.2,,,21,12,,0,0,0,0,,,,
196,Natal Spurfowl,Pternistis natalensis,410,34,158.4,1,Pair,seeds,0,0,0,1,0,0,0,3.9,41.9,34.2,22.5,12,,0,0,0,0,,,,
199,Swainson's Spurfowl,Pternistis swainsonii,605,36,175.5,1,Pair,seeds,0,0,0,1,0,0,0,5.8,43.9,35.7,22.5,12,,0,0,0,0,,,0,
200,Common Quail,Coturnix coturnix,95,17,105,1,Pair,seeds,0,0,0,1,0,0,0,6.6,30.3,23.4,18.5,11,40,0,0,0,0,8,,,
203,Helmeted Guineafowl,Numida meleagris,1350,56,260,1,Pair,omnivorous,0,0,0,1,0,0,0,12,52.6,40.2,25.5,14,,0,0,0,0,,,,
204,Crested Guineafowl,Guttera edouardi,1300,50,261,1,Pair,omnivorous,0,0,0,1,0,0,0,6.2,52,41,23,,,0,0,0,0,0,,,
205,Common Buttonquail,Turnix sylvaticus,43,15,86.5,1,Polya,invertebrates,0,0,0,1,0,0,0,3.2,23.8,18.4,15,10,,0,0,0,0,9,,,
212,African Crake,Crecopsis egregia,120,22,123.9,0,Pair,omnivorous,0,0,0,0,1,0,0,5.2,34.8,25.5,21.5,,,0,0,0,0,,,,
238,Black-bellied Bustard,Lissotis melanogaster,2300,62,340,1,Polyg,invertebrates,0,0,0,1,0,0,0,1.6,58.5,51.9,23,,,0,0,0,0,,,,
249,Three-banded Plover,Charadrius tricollaris,34,18,111.4,1,Pair,invertebrates,0,0,0,1,0,0,0,2,30,22,28.5,31,10,0,0,0,0,11.5,,1,
255,Crowned Lapwing,Vanellus coronatus,185,31,194,1,Pair,invertebrates,0,0,0,1,0,0,0,2.3,40,28.9,30,30,365,0,0,0,0,8,,1,
256,Senegal Lapwing,Vanellus lugubris,115,24,171,1,Pair,invertebrates,0,0,0,1,0,0,0,3.4,36.1,26.7,27.5,30.5,365,0,0,0,0,,,,
258,Blacksmith Lapwing,Vanellus armatus,166,30,208,1,Pair,invertebrates,0,0,0,1,0,0,0,3.5,39.6,29,29.5,40,30,1,0,0,0,18.6,,1,
264,Common Sandpiper,Actitis hypoleucos,47,20,112.5,0,,invertebrates,0,0,0,0,0,0,0,,,,,,,0,0,0,0,14.5,,,
266,Wood Sandpiper,Tringa glareola,60,20,125.5,0,,invertebrates,0,0,0,0,0,0,0,,,,,,,0,0,0,0,11.6,,,
269,Marsh Sandpiper,Tringa stagnatilis,70,24,138.8,0,,invertebrates,0,0,0,0,0,0,0,,,,,,,0,0,0,0,7.1,,,
270,Common Greenshank,Tringa nebularia,185,32,192.9,0,,invertebrates,0,0,0,0,0,0,0,,,,,,,0,0,0,0,24.4,,,
295,Black-winged Stilt,Himantopus himantopus,165,38,170.9,1,Pair,invertebrates,0,0,0,1,0,0,0,3.8,43.3,31.5,26.2,30,28,0,0,0,0,12.1,,,
297,Spotted Thick-knee,Burhinus capensis,465,43,239,1,Pair,invertebrates,0,0,0,1,0,0,0,2,52,38,27,56,,0,0,0,0,21.7,,1,
298,Water Thick-knee,Burhinus vermiculatus,303,40,209,1,Pair,fish,0,0,0,1,0,0,0,2,49.2,35.7,23.5,61.5,,0,0,0,0,19.6,,1,
348,Rock Dove,Columba livia,400,33,214,1,Pair,seeds,0,0,0,0,0,,,1.93,39,29,17.5,26,10,0,0,0,0,35,,1,
352,Red-eyed Dove,Streptopelia semitorquata,252,35,186,1,Pair,seeds,1,0,1,0,0,0.3,18,1.83,31.1,23.7,16,18,,0,0,0,0,6.8,,,
354,Cape Turtle Dove,Streptopelia capicola,153,27,163,1,Pair,seeds,1,0,1,0,0,0.5,15,1.9,28.1,21.6,14.5,16.5,15,0,0,0,0,34.6,65,,
355,Laughing Dove,Streptopelia senegalensis,100,25,134.2,1,Pair,seeds,1,0,1,0,0,0.5,15,1.97,26.2,20.1,13,15.5,,0,0,0,0,18,,,
356,Namaqua Dove,Oena capensis,40,26,104.6,1,Pair,seeds,1,0,1,0,0,,,1.94,21.3,15.7,14.5,16,,0,0,0,0,,,,
358,Emerald-spotted Wood Dove,Turtur chalcospilos,64,20,109.9,1,Pair,seeds,1,0,1,0,0,0.5,6,1.9,23.2,17.6,17,16,,0,0,0,0,9.5,,,
359,Tambourine Dove,Turtur tympanistria,71,22,113.6,1,Pair,seeds,1,0,1,0,0,1,10,1.85,24.5,18,18.5,20.5,,0,0,0,0,5.5,,,
361,African Green Pigeon,Treron calvus,235,29,178.2,1,Pair,fruit,0,0,1,0,0,2,21,1.82,30.5,23.7,13.5,12,,0,0,0,0,,,,
363,Brown-headed Parrot,Poicephalus cryptoxanthus,145,23,149.1,1,Pair,fruit,0,1,0,0,0,4,10,2.8,32.5,26.3,28,52,28,0,0,0,0,,,0,
370,Livingstone's Turaco,Tauraco livingstonii,300,45,172.8,1,Pair,fruit,0,0,1,0,0,,,2,37.9,32.9,,,,0,0,0,0,,,,
371,Purple-crested Turaco,Gallirex porphyreolophus,285,42,181,1,Pair,fruit,0,0,1,0,0,3,9,2.3,37.6,34.5,22,38,,0,0,0,0,,,,
373,Grey Go-away-bird,Corythaixoides concolor,270,49,219,1,Pair,fruit,0,0,1,0,0,3,10,2.6,40.8,33,27.5,19.5,41,0,0,0,0,8.9,,,
375,African Cuckoo,Cuculus gularis,105,32,210,1,Pair,invertebrates,1,0,1,0,0,,,,24.2,17.8,14,23,,0,0,1,0,,,,
377,Red-chested Cuckoo,Cuculus solitarius,75,29,169,1,Unk,invertebrates,1,0,0,0,0,,,,24.6,18.3,13,19,22.5,0,0,1,0,,,1,
378,Black Cuckoo,Cuculus clamosus,90,30,178,1,Unk,invertebrates,1,0,0,0,0,,,4.5,24.9,18,14,20.5,31,0,0,1,0,,,1,
381,Levaillant's Cuckoo,Clamator levaillantii,122,39,178,1,Unk,invertebrates,1,0,0,0,0, ,,4,26.6,20.6,11.5,9.5,28,0,0,1,0,,,1,
382,Jacobin Cuckoo,Clamator jacobinus,81,34,153,1,Polyg,invertebrates,1,0,1,0,0,,,4,26,21.6,11.5,17,33,0,0,1,0,,,1,
384,African Emerald Cuckoo,Chrysococcyx cupreus,35,20,107.3,1,Polyg,invertebrates,1,0,0,0,0,0,6,3.5,20.7,14.5,16,22,,0,0,0,0,,,1,
385,Klaas's Cuckoo,Chrysococcyx klaas,26,18,98.9,1,Pair,invertebrates,1,0,1,0,0,,,3.5,18.7,13.1,11.5,20,25,0,0,1,0,,,1,
386,Diderick Cuckoo,Chrysococcyx caprius,30,19,121.3,1,Polya,invertebrates,0,0,1,0,0,,,4,22,14.8,11,20.5,0,0,0,1,0,6,59,1,
391,Burchell's Coucal,Centropus burchellii,170,41,172.7,1,Pair,vertebrates,1,0,1,0,1,0.5,10,3.6,34.3,26.5,15.5,21,,1,1,0,1,3,,1,
395,Marsh Owl,Asio capensis,315,37,288,1,Pair,vertebrates,0,0,0,1,0,0,0,2.8,40,34,27.5,32,30,1,0,0,1,,,,
405,Fiery-necked Nightjar,Caprimulgus pectoralis,52,24,161.2,1,Pair,invertebrates,0,0,0,1,0,0,0,1.9,25,18.7,18.5,17.5,42,0,0,0,0,10,,1,
411,Common Swift,Apus apus,37,17,172.9,0,Pair,invertebrates,0,0,0,0,0,,,,,,,,,0,0,0,0,21.1,80,,
412,African Black Swift,Apus barbatus,42,19,178.8,0,Pair,invertebrates,0,0,0,0,0,,,,,,,,,0,0,0,0,,,,
417,Little Swift,Apus affinis,25,13,135,1,Pair,invertebrates,0,0,0,0,0,,,2.3,23,14.7,22,38,,0,0,0,0,8,,1,
421,African Palm Swift,Cypsiurus parvus,14,15,132.3,1,Pair,invertebrates,0,0,1,0,0,,,1.7,19.3,12.3,20,31,,0,0,0,0,2.6,,,
424,Speckled Mousebird,Colius striatus,55,33,92.5,1,Mixed,fruit,1,0,1,0,0,1,7,3,20.8,16.6,13.5,17,,0,0,0,0,12.3,,,
426,Red-faced Mousebird,Urocolius indicus,56,32,92,1,Coop,fruit,1,0,1,0,0,1,8,2.6,21.3,15.8,13,17.5,,0,0,0,0,,,,
427,Narina Trogon,Apaloderma narina,67,32,132,1,Pair,invertebrates,0,1,0,0,0,2,16,2.6,28.3,23,16.5,26.5,90,0,0,0,0,,,0,
428,Pied Kingfisher,Ceryle rudis,84,25,142,1,Coop,fish,0,0,0,0,0,1.3,1.3,3.9,29,23.1,18,26.5,45,0,0,0,0,,,,
431,Malachite Kingfisher,Alcedo cristata,17,14,57.8,1,Pair,fish,0,0,0,0,0,,,3.7,18.8,15.6,15,23.5,15,0,0,0,0,7.5,,1,
433,Woodland Kingfisher,Halcyon senegalensis,63,23,111.8,1,Pair,invertebrates,0,1,0,0,0,1.6,9.5,3,27.8,24.1,13.5,19.5,35,1,0,0,1,,,0,
435,Brown-hooded Kingfisher,Halcyon albiventris,60,23,107.2,1,Pair,invertebrates,0,0,0,0,0,1,3,3.7,27.7,24.5,14,,,1,0,0,1,,,,
437,Striped Kingfisher,Halcyon chelicuti,38,18,82.4,1,Pair,invertebrates,0,1,0,0,0,1,10,3.4,24.5,21.1,,,,0,1,0,0,,,1,
438,European Bee-eater,Merops apiaster,52,23,145,0,Pair,invertebrates,0,0,0,0,0,,,,,,,,,0,0,0,0,5.9,,,
443,White-fronted Bee-eater,Merops bullockoides,35,23,116,1,Coop,invertebrates,0,0,0,0,0,0.4,1.6,3.2,22.1,18.6,22.3,26,,0,0,0,0,7,,,
444,Little Bee-eater,Merops pusillus,15,16,80,1,Pair,invertebrates,0,0,0,0,0,,,4,18.7,15.7,19,23.5,21,0,0,0,0,7,60,,
446,European Roller,Coracias garrulus,122,31,196,0,Pair,invertebrates,0,0,0,0,0,,,,,,,,,0,0,0,0,,,,
447,Lilac-breasted Roller,Coracias caudatus,108,29,164,1,Pair,invertebrates,0,1,0,0,0,2,8,2.9,31.4,25.4,22,26,20,0,0,0,1,13.7,,,
451,African Hoopoe,Upupa africana,53,26,135,1,Pair,invertebrates,0,1,0,0,0,,8,5.4,23.7,16.9,15.5,29,30,0,0,0,0,,,,
452,Green Wood-Hoopoe,Phoeniculus purpureus,80,33,132.4,1,Coop,invertebrates,0,1,0,0,0,,,3.8,24.7,17.1,17.5,29,120,0,1,0,0,14,82,,
454,Common Scimitarbill,Rhinopomastus cyanomelas,32,26,103,1,Coop,invertebrates,0,1,0,0,0,0.5,5,3.1,21.5,15.7,13.5,22.5,182.5,0,0,0,0,,,1,
455,Trumpeter Hornbill,Bycanistes bucinator,644,58,263,1,Pair,fruit,0,1,0,0,0,2,13,3,48.4,35,24,50,,1,1,0,0,21,,,
457,African Grey Hornbill,Tockus nasutus,155,46,201,1,Pair,invertebrates,0,1,0,0,0,0.7,9,3.5,37.3,26.2,25,46,,1,1,0,0,,,,
458,Southern Red-billed Hornbill,Tockus erythrorhynchus,140,40,177,1,Pair,invertebrates,0,1,0,0,0,0.3,9,3.9,37.1,26.2,24,44.5,,1,1,0,0,,,1,
459,Southern Yellow-billed Hornbill,Tockus leucomelas,190,50,191,1,Pair,invertebrates,0,1,0,0,0,0.75,12,3.6,36.9,26,24,45,,1,1,0,0,,,1,
460,Crowned Hornbill,Tockus alboterminatus,225,52,234,1,Pair,invertebrates,0,1,0,0,0,1.2,12,3.5,39.3,27.8,26,50,210,0,0,0,0,,,,
464,Black-collared Barbet,Lybius torquatus,54,20,93.3,1,Pair,fruit,0,1,0,0,0,0.5,6,3.3,24.4,17.6,18.5,34.5,,0,0,0,0,6,,1,
465,Acacia Pied Barbet,Tricholaema leucomelas,31,18,77.5,1,Pair,fruit,0,1,0,0,0,0.5,7,2.9,22,16,14.5,35,,0,0,0,0,11,,1,
469,Red-fronted Tinkerbird,Pogoniulus pusillus,17,12,59.8,1,Pair,fruit,0,1,0,0,0,1,6,2.8,19,14,,,,0,0,0,0,,,,
470,Yellow-fronted Tinkerbird,Pogoniulus chrysoconus,14,12,60.2,1,Pair,fruit,0,1,0,0,0,2,5,3,17.7,14.1,,,,0,0,0,0,,,1,
471,Yellow-rumped Tinkerbird,Pogoniulus bilineatus,15,12,56.8,1,Pair,fruit,0,1,0,0,0,2,10,3.5,19.2,14.1,12,25,,0,0,0,0,4.17,,0,
473,Crested Barbet,Trachyphonus vaillantii,74,24,101.4,1,Pair,omnivorous,0,1,0,0,0,1.5,4.5,3.5,26.4,19.4,17,31,,1,1,0,0,6.5,,1,
474,Greater Honeyguide,Indicator indicator,48,20,106,1,Polyg,invertebrates,0,1,0,0,0,,,4.8,24.3,18.8,,38,8.5,0,0,1,0,4,,1,
475,Scaly-throated Honeyguide,Indicator variegatus,48,19,106,1,Polyg,invertebrates,0,1,0,0,0,,,,21.3,16.9,18,31,1,0,0,1,0,2.5,,1,
476,Lesser Honeyguide,Indicator minor,28,15,87.3,1,Polyg,invertebrates,0,1,0,0,0,,,3.3,21.5,17,14.5,37.5,0,0,0,1,0,5.78,,1,
481,Bennett's Woodpecker,Campethera bennettii,70,23,123,1,Pair,invertebrates,0,1,0,0,0,0.5,8,3.2,23.7,18.3,16.5,26.5,300,0,0,0,0,,,0,
483,Golden-tailed Woodpecker,Campethera abingoni,70,21,118,1,Pair,invertebrates,0,1,0,0,0,0.4,4,2.7,24.6,18.4,13,23.5,14,0,0,0,0,,,,
486,Cardinal Woodpecker,Dendropicos fuscescens,30,15,92,1,Pair,invertebrates,0,1,0,0,0,1,4,1.9,21,16.1,12.5,27,45,0,0,0,0,,,,
487,Bearded Woodpecker,Dendropicos namaquus,80,24,129,1,Pair,invertebrates,0,1,0,0,0,1.5,8,2.1,25.5,19.1,13,27,45,0,0,0,0,,,0,
494,Rufous-naped Lark,Mirafra africana,44,17,87.5,1,Pair,invertebrates,0,0,0,1,1,0,0,2.4,22.2,15.8,14.5,11,,0,0,0,0,,,,
496,Flappet Lark,Mirafra rufocinnamomea,26,15,75.3,1,Pair,invertebrates,0,0,0,1,1,0,0,2.2,20.8,14.8,,11,,0,0,0,0,,,,
498,Sabota Lark,Calendulauda sabota,23,14.5,76.7,1,Pair,seeds,0,0,0,1,1,0,0,2.3,20.6,14.8,,,,0,0,0,0,,,,
518,Barn Swallow,Hirundo rustica,20,14,121.3,0,Pair,invertebrates,0,0,0,0,0,,,,,,,,,0,0,0,0,17,33.8,,
522,Wire-tailed Swallow,Hirundo smithii,13,14.5,105.5,1,Pair,invertebrates,0,0,0,0,0,0.3,15,2.9,18.4,12.9,17,21,10,0,0,0,0,9.5,,,
524,Red-breasted Swallow,Hirundo semirufa,31,22,129.8,1,Pair,invertebrates,0,0,0,0,0,0.6,,3,22.2,15.5,20,23.9,15,0,0,0,0,6,,,
527,Lesser Striped Swallow,Hirundo abyssinica,18,17,107,1,Pair,invertebrates,0,0,0,0,0,,,3,19.7,13.9,17.5,17.5,24.5,0,0,0,0,5,,,
530,Common House Martin,Delichon urbicum,18,14,110,0,Pair,invertebrates,0,0,0,0,0,,,,,,,,,0,0,0,0,15,,,
532,Sand Martin,Riparia riparia,13,13,105.2,0,Pair,invertebrates,0,0,0,0,0,,,,,,,,,0,0,0,0,10,,,
538,Black Cuckooshrike,Campephaga flava,32,21,103,1,Pair,invertebrates,0,0,1,0,0,,,1.9,23.8,17.3,20,21.5,,0,0,0,0,5.5,,,
541,Fork-tailed Drongo,Dicrurus adsimilis,44,25,135,1,Pair,invertebrates,0,0,1,0,0,2.2,17,2.8,24.3,18.2,16.5,19,,1,0,0,1,6.8,,0,
545,Black-headed Oriole,Oriolus larvatus,65,25,135.5,1,Pair,invertebrates,0,0,1,0,0,3,20,2.4,28.9,20.2,15,16.5,,0,0,0,0,5,,,
548,Pied Crow,Corvus albus,550,49,356,1,Pair,omnivorous,0,0,1,0,0,3,30,4.1,44.7,30.5,18.5,39,,1,1,0,1,9.3,,,
554,Southern Black Tit,Parus niger,21,16,80.3,1,Coop,invertebrates,0,1,0,0,0,2,5,3.6,18,13.9,14.5,24,49,0,0,0,0,1.6,,0,
558,Grey Penduline Tit,Anthoscopus caroli,6.5,8.5,53.6,1,Pair,invertebrates,0,0,1,0,0,5,10,4.4,14.2,9.5,18,24,,0,0,0,0,,,,
560,Arrow-marked Babbler,Turdoides jardineii,72,24,106,1,Coop,invertebrates,1,1,1,0,1,0.5,3.5,2.9,25.3,18.8,14,19.5,,0,0,0,0,4.2,,,
568,Dark-capped Bulbul,Pycnonotus tricolor,39,20,92.9,1,Pair,fruit,1,0,1,0,0,1,13,2.65,22.9,16.7,13.5,13.5,,0,0,0,0,12,74.3,0,
569,Terrestrial Brownbul,Phyllastrephus terrestris,36,21,78.5,1,Pair,invertebrates,1,0,0,0,0,1,2,2.1,22.8,16.1,13,,,0,0,0,0,12,73.7,,
572,Sombre Greenbul,Andropadus importunus,31,21,88.6,1,Pair,fruit,1,0,1,0,0,1,4,2,24,16.8,12.75,12.25,21,0,0,0,0,12,68.1,1,
575,Eastern Nicator,Nicator gularis,47,23,92.9,1,Pair,invertebrates,1,0,0,0,0,1,2,2.1,25.6,17.3,,,,0,0,0,0,,,,
576,Kurrichane Thrush,Turdus libonyanus,63,22,111,1,Pair,invertebrates,0,0,1,0,0,1.5,16,2.9,26.5,19.3,13.5,14,60,0,0,0,0,10,,1,
580,Groundscraper Thrush,Psophocichla litsitsirupa,76,21,124,1,Pair,invertebrates,0,0,1,0,0,2,16,2.7,27.5,20.3,14.5,16,42,0,0,0,0,4,,1,
599,White-browed Robin-Chat,Cossypha heuglini,35,18.5,91.3,1,Pair,invertebrates,1,1,0,0,0,0,8,2,23,16.6,15.25,15,28,0,0,0,0,12,,0,
600,Red-capped Robin-Chat,Cossypha natalensis,32,16.5,86.4,1,Pair,invertebrates,0,1,0,0,0,0,3.8,2.9,22.4,16.5,14.5,14.5,42,0,0,0,0,11,,0,
602,White-throated Robin-Chat,Cossypha humeralis,23,15.5,75.9,1,Pair,invertebrates,0,0,0,1,0,0,2,2.8,20.9,15.1,14.5,13.5,45.5,0,0,0,0,10.5,,0,
613,White-browed Scrub Robin,Cercotrichas leucophrys,20,15,67.6,1,Pair,invertebrates,1,0,0,1,1,0,1.6,2.7,20,14.2,12,11.5,,0,0,0,0,11.8,,0,
617,Bearded Scrub-Robin,Cercotrichas quadrivirgata,26,17,77.6,1,Pair,invertebrates,0,1,0,0,0,,,2.9,20.3,14.8,13.75,16,28,0,0,0,0,6.9,,,
628,Great Reed Warbler,Acrocephalus arundinaceus,30,20,93,0,,invertebrates,0,0,0,0,0,,,,,,,,,0,0,0,0,27,,,
631,African Reed Warbler,Acrocephalus baeticatus,10,13,59.5,1,Pair,invertebrates,0,0,0,0,1,0.3,3,2.4,17.6,13.2,13.25,12.5,,0,0,0,0,8.5,76.5,,
633,Marsh Warbler,Acrocephalus palustris,11,13,68.4,0,,invertebrates,0,0,0,0,0,,,,,,,,,0,0,0,0,9.8,51.1,,
638,Little Rush Warbler,Bradypterus baboecala,14,14,58.6,1,Pair,invertebrates,0,0,0,0,1,0,0.7,2.25,19,13.8,13,12.5,,0,0,0,0,2.75,,,
642,Broad-tailed Warbler,Schoenicola brevirostris,15,15,59,1,Pair,invertebrates,0,0,0,0,1,0.15,0.2,2.4,18.4,13.8,,,,0,0,0,0,,,,
643,Willow Warbler,Phylloscopus trochilus,9,12,67.4,0,Pair,invertebrates,0,0,0,0,0,,,,,,,,,0,0,0,0,11.8,,,
645,Bar-throated Apalis,Apalis thoracica,10.5,12.5,53.2,1,Pair,invertebrates,0,0,1,0,0,0.1,3,2.7,17.2,12.2,15,16,,0,0,0,0,9.25,,1,
648,Yellow-breasted Apalis,Apalis flavida,8,12.5,48.8,1,Pair,invertebrates,1,0,1,0,0,,,,,,,,,0,0,0,0,10,0.68,,
649,Rudd's Apalis,Apalis ruddi,10,13,47.3,1,Pair,invertebrates,1,0,1,0,0,0.3,2.5,2,16.9,12.2,,,,0,0,0,0,7,,,
651,Long-billed Crombec,Sylvietta rufescens,11,11,59.6,1,Pair,invertebrates,1,0,1,0,0,0.8,4.3,1.8,18.6,12.4,14,14,10,0,0,0,0,8.5,0.795,,
653,Yellow-bellied Eremomela,Eremomela icteropygialis,8,11,55.8,1,Pair,invertebrates,1,0,0,1,1,0.6,2.7,2.3,15.8,11.4,13.5,15.5,28,0,0,0,0,2.1,,,
656,Burnt-necked Eremomela,Eremomela usticollis,9,11,54.5,1,Pair,invertebrates,0,0,1,0,0,3,6,2.2,15.9,11.7,,,,0,0,0,0,,,1,
657,Green-backed Camaroptera,Camaroptera brachyura,11,13,51,1,Pair,invertebrates,1,0,1,0,1,0,6,2.9,17,12.3,14.5,14.5,,0,0,0,0,,,,
659,Stierling's Wren-Warbler,Calamonastes stierlingi,13,14,59.3,1,Pair,invertebrates,0,0,1,0,0,0.5,6.2,2.5,17.8,12.5,,,,0,0,0,0,,,,
664,Zitting Cisticola,Cisticola juncidis,9,11,48,1,Pair,invertebrates,0,0,0,0,1,0.1,0.25,3.3,15.1,11.4,13.5,13.5,,0,0,0,0,,,,
665,Desert Cisticola,Cisticola aridulus,9,11,47.2,1,Pair,invertebrates,0,0,0,0,1,0,0.15,3.4,15,11.3,14,15.5,,0,0,0,0,,,,
672,Rattling Cisticola,Cisticola chiniana,16,15,55.3,1,Pair,invertebrates,1,0,1,0,1,0,1.2,3.1,16.9,12.4,13.5,14,,0,0,0,0,1,,,
674,Red-faced Cisticola,Cisticola erythrops,15,14,52.9,1,Pair,invertebrates,1,0,1,0,1,0,0.5,2.7,17.7,12.8,14,15,,0,0,0,0,8.5,0.529,,
678,Croaking Cisticola,Cisticola natalensis,20,15,59.9,1,Pair,invertebrates,0,0,0,0,1,0.1,0.25,3.3,18.7,13.7,18,14.5,,0,0,0,0,,,,
679,Lazy Cisticola,Cisticola aberrans,14,14,50.8,1,Pair,invertebrates,0,0,0,0,1,,,3.1,17,12.3,14,13.5,21,0,0,0,0,,,,
681,Neddicky,Cisticola fulvicapilla,9,11,46.9,1,Pair,invertebrates,0,0,0,1,1,0,0.3,3,15.2,11.5,13.5,13.5,,0,0,0,0,,,,
683,Tawny-flanked Prinia,Prinia subflava,9.5,13,48,1,Pair,invertebrates,1,0,0,0,1,0.5,2.5,3.1,16,11.4,13.5,13.4,,0,0,0,0,8.25,0.598,,
689,Spotted Flycatcher,Muscicapa striata,15,14,86,0,Pair,invertebrates,0,0,0,0,0,,,,,,,,,0,0,0,0,11,,,
691,Ashy Flycatcher,Muscicapa caerulescens,18,15,72.8,1,Pair,invertebrates,0,1,0,0,0,2,15,2.8,19.2,14.2,14,14,,0,0,0,0,2.8,,,
693,Grey Tit-Flycatcher,Myioparus plumbeus,21,14,63.4,1,Pair,invertebrates,0,1,0,0,0,3,10,2.3,17.2,13,,,,0,0,0,0,,,,
694,Southern Black Flycatcher,Melaenornis pammelaina,30,20,105,1,Pair,invertebrates,0,1,0,0,0,1.5,9,2.6,21.5,16,14.5,17.5,,0,0,0,0,8.2,,1,
696,Pale Flycatcher,Bradornis pallidus,22,16,86.8,1,Pair,invertebrates,0,0,1,0,0,1,6,2.5,19.8,14.8,14,17,516,0,0,0,0,4.2,,,
700,Cape Batis,Batis capensis,12,13,60.5,1,Pair,invertebrates,1,0,1,0,0,0.8,9.5,2.1,18,13.9,18,16,,0,0,0,0,8.1,,,
701,Chinspot Batis,Batis molitor,12,13,60.8,1,Pair,invertebrates,1,0,1,0,0,,,1.7,17.3,13,17,17,98,0,0,0,0,,,,
710,African Paradise Flycatcher,Terpsiphone viridis,14,17,78.6,1,Pair,invertebrates,0,0,1,0,0,1,16,2.7,18.4,14.1,15.1,13,21,0,0,0,0,,,1,
711,African Pied Wagtail,Motacilla aguimp,27,20,91.3,1,Pair,invertebrates,0,1,0,1,1,,,3.2,21.8,15.9,13.8,16.5,20,0,0,0,0,,,1,
716,African Pipit,Anthus cinnamomeus,24.5,16.5,86,1,Pair,invertebrates,0,0,0,1,0,0,0,3,20.7,15.3,13.5,14,,0,0,0,0,,,,
717,Long-billed Pipit,Anthus similis,30,18.5,93.4,1,Pair,invertebrates,0,0,0,1,0,0,0,2.9,21.9,15.7,,13.5,,0,0,0,0,,,,
718,Plain-backed Pipit,Anthus leucophrys,24,17,95.1,1,Pair,invertebrates,0,0,0,1,1,0,0,2.9,21.5,15.6,14,16,,0,0,0,0,,,,
728,Yellow-throated Longclaw,Macronyx croceus,48,21,96.8,1,Pair,invertebrates,0,0,0,1,1,0,0,2.9,24.1,18.2,13.5,16.5,,0,0,0,0,,,,
731,Lesser Grey Shrike,Lanius minor,46,21,118,0,,invertebrates,0,0,0,0,0,,,,,,,,,0,0,0,0,,,,
732,Southern Fiscal,Lanius collaris,40,22,98.9,1,Pair,invertebrates,1,0,1,0,0,0.6,6,3.5,23.5,17.7,14.5,19,120,1,0,0,1,12,,1,
733,Red-backed Shrike,Lanius collurio,29,18,93.2,0,,invertebrates,0,0,0,0,0,,,,,,,,,0,0,0,1,10.1,,,
735,Magpie Shrike,Corvinella melanoleuca,82,45,140,1,Coop,invertebrates,0,0,1,0,0,3,5,3.3,26.8,19.7,16,17,,0,0,0,0,,,1,
736,Southern Boubou,Laniarius ferrugineus,59,22,94,1,Pair,invertebrates,1,0,1,0,0,0.3,8,2.5,24.6,18.1,16.5,16.5,77,1,1,0,0,11,,1,
740,Black-backed Puffback,Dryoscopus cubla,26,17.5,78.8,1,Pair,invertebrates,0,0,1,0,0,3,8,2.7,22.2,15.9,13,18,21,0,0,0,0,,,,
741,Brubru,Nilaus afer,24,14,86,1,Pair,invertebrates,0,0,1,0,0,2.5,9,2,,,19,21.8,56,0,0,0,0,8.5,,,
743,Brown-crowned Tchagra,Tchagra australis,33,17.5,77.5,1,Pair,invertebrates,1,0,1,0,0,0.2,3.6,2.4,21.7,16.3,15,13.8,150,0,0,0,0,7.5,,,
744,Black-crowned Tchagra,Tchagra senegalus,53,21,86,1,Pair,invertebrates,1,0,1,0,0,0.6,5.4,2.5,24.6,18,15.1,14,,0,0,0,0,,6,,
747,Gorgeous Bushshrike,Telophorus viridis,37,19,77.8,1,Pair,invertebrates,1,0,0,0,0,0.6,1.5,2,23.3,16.9,,,120,0,0,0,0,6.5,,,
748,Orange-breasted Bushshrike,Telophorus sulfureopectus,27,19,90.7,1,Pair,invertebrates,0,0,1,0,0,1.8,10,2,22,16.1,13.5,12,,0,0,0,0,7.5,,1,
750,Olive Bushshrike,Telophorus olivaceus,33,19,83,1,Pair,invertebrates,1,0,1,0,0,0.6,6,1.6,21.6,15.9,18,16.5,,0,0,0,0,9.4,,0,
751,Grey-headed Bushshrike,Malaconotus blanchoti,77,26,114,1,Pair,invertebrates,0,0,1,0,0,1.2,12,2.9,29.4,20.6,18,21.7,,1,0,0,1,4,,0,
753,White-crested Helmetshrike,Prionops plumatus,34,18,109,1,Coop,invertebrates,0,0,1,0,0,2,10,3.9,20.6,16,17,20,150,0,0,0,0,2.8,0.83,1,
754,Retz's Helmetshrike,Prionops retzii,44,19.5,126,1,Coop,invertebrates,0,0,1,0,0,3,20,3.4,23.7,17.1,18.5,20,210,0,0,0,0,,0.6,,
758,Common Myna,Acridotheres tristis,114,23,134,1,Pair,invertebrates,0,1,0,0,0,, ,3.9,29.2,21.5,15.5,28.5,21,0,0,0,0,,,,
761,Violet-backed Starling,Cinnyricinclus leucogaster,45,18,100,1,Pair,fruit,0,1,0,0,0,2,6,2.6,24.5,17.4,13,19,,0,0,0,0,,,1,
764,Cape Glossy Starling,Lamprotornis nitens,90,23,128,1,Coop,fruit,0,1,0,0,0,2,,2.8,28.1,20, ,20,7,0,0,0,0,,,,
768,Black-bellied Starling,Lamprotornis corruscus,50,18,105,1,Pair,fruit,0,1,0,0,0,2.5,6,2.9,25.7,19,,,,0,0,0,0,0,,,0
769,Red-winged Starling,Onychognathus morio,140,30,143,1,Pair,fruit,0,0,0,0,0,2,,3,33.8,23.2,13.5,25,42,1,0,0,0,7.5,,1,
772,Red-billed Oxpecker,Buphagus erythrorhynchus,50,20,115.8,1,Coop,invertebrates,0,1,0,0,0,1,15,2.8,24,17.2,12.5,30,90,0,0,0,0,,,1,
779,Marico Sunbird,Cinnyris mariquensis,11,13.5,64.5,1,Pair,nectar,1,0,1,0,0,1.8,8,1.9,18.4,12.1,14,,,0,0,0,0,5.5,,,
780,Purple-banded Sunbird,Cinnyris bifasciatus,7,11,52.9,1,Pair,nectar,1,0,1,0,0,1,5,1.8,16.2,11.1,,,,0,0,0,0,8.5,,,
787,White-bellied Sunbird,Cinnyris talatala,7.5,11,52.4,1,Pair,nectar,1,0,1,0,0,0.2,3,2,16.1,11.4,13.5,14.5,14,0,0,0,0,15.5,,1,
789,Grey Sunbird,Cyanomitra veroxii,13,14.5,64.5,1,Pair,nectar,0,0,1,0,0,1.2,5,2.2,17.9,12.5,,,,0,0,0,0,5.5,,,
790,Olive Sunbird,Cyanomitra olivacea,11.5,15,60.5,1,Pair,nectar,0,0,1,0,0,0.5,4.5,2,18.5,12.8,14.5,14.5,,0,0,0,0,13.3,,,
791,Scarlet-chested Sunbird,Chalcomitra senegalensis,13.6,14,68.2,1,Pair,nectar,0,0,1,0,0,1.5,9,2,19.2,13.2,14,17.5,38.5,0,0,0,0,11,,1,
792,Amethyst Sunbird,Chalcomitra amethystina,15,14.5,67.2,1,Pair,nectar,1,0,1,0,0,2,6,1.8,19.3,12.9,15.5,16.5,7,0,0,0,0,10.3,,1,
796,Cape White-eye,Zosterops virens,11,12,62,1,Pair,invertebrates,1,0,1,0,0,1,6,3,16.8,12.3,11,12.5,,0,0,0,0,12.7,0.65,,
801,House Sparrow,Passer domesticus,26,14.5,73.8,1,Pair,seeds,0,1,0,0,0,,,3.7,21.5,15.2,12.5,17.6,21,0,0,0,0,23,,1,
804,Southern Grey-headed Sparrow,Passer diffusus,24,15,78.5,1,Pair,seeds,0,1,0,0,0,,,3.5,19.2,14.3,12.5,17,34,0,0,0,0,5.5,,1,
805,Yellow-throated Petronia,Petronia superciliaris,24,16,88.4,1,Pair,invertebrates,0,1,0,0,0,1.5,6,3.1,18.7,14.2,15.3,18,21,0,0,0,0,9.5,,,
807,Thick-billed Weaver,Amblyospiza albifrons,56,18,87.9,1,Polyg,seeds,0,0,0,0,1,,,3.1,23.6,16.2,15,20.5,,0,0,0,0,8.4,,,
810,Spectacled Weaver,Ploceus ocularis,29,15.5,72,1,Pair,invertebrates,1,0,1,0,0,1,7,2.6,21.9,14.8,13.5,17,14,0,0,0,0,10,,1,
811,Village Weaver,Ploceus cucullatus,37,16,79.8,1,Polyg,invertebrates,0,0,1,0,0,3,10,2.6,23.1,14.9,12,19,,0,0,0,0,24,0.63,1,
814,Southern Masked Weaver,Ploceus velatus,34,15,80,1,Polyg,invertebrates,1,0,1,0,1,,,2.6,20.9,14.5,13,16.5,,0,0,0,0,13.5,0.535,1,
815,Lesser Masked Weaver,Ploceus intermedius,20.5,14,69.6,1,Polyg,invertebrates,0,0,1,0,1,,,2.4,21.4,14.7,13,15.5,,0,0,0,0,9,,,
819,Red-headed Weaver,Anaplectes melanotis,22,14.5,77.6,1,Pair,invertebrates,0,0,1,0,0,2,10,2.5,20.4,14,12.5,17,,0,0,0,0,9.1,,,
821,Red-billed Quelea,Quelea quelea,19,12,64,1,Pair,seeds,0,0,1,0,0,1.5,6,2.8,18.3,13.2,11,11.5,9,0,0,0,0,7.8,0.42,1,
824,Southern Red Bishop,Euplectes orix,23,13,65,1,Polyg,seeds,0,0,0,0,1,1,2.5,3,19.2,14.1,11,13.5,,0,0,0,0,12.7,0.63,1,
828,Fan-tailed Widowbird,Euplectes axillaris,26,15,68,1,Polyg,seeds,0,0,0,0,1,0.2,8,2.8,19.7,14.1,12.5,15.5,14,0,0,0,0,8.2,,,
829,White-winged Widowbird,Euplectes albonotatus,20,15,66,1,Polyg,seeds,0,0,0,0,1,0.3,1.3,2.6,18.5,13.6,13,12.5,23.5,0,0,0,0,10,,,
831,Red-collared Widowbird,Euplectes ardens,19,12,65,1,Polyg,seeds,1,0,0,0,1,0.3,2,3,18.9,13.6,13.5,15.5,,0,0,0,0,8,0.54,,
834,Green-winged Pytilia,Pytilia melba,15,13,58.6,1,Pair,seeds,1,0,0,0,0,,,3.3,16.3,12.5,12.7,19.4,,0,0,0,0,8.5,0.52,,
838,Pink-throated Twinspot,Hypargos margaritatus,13,13,52,1,Pair,seeds,1,0,0,0,1,0,1,3,16.2,12.1,13,20.5,,0,0,0,0,,,,
840,African Firefinch,Lagonosticta rubricata,10,11.5,47.7,1,Pair,seeds,0,0,0,0,1,0.5,2,3.7,15.1,11.5,11.5,16.7,,0,0,0,0,5,,,
841,Jameson's Firefinch,Lagonosticta rhodopareia,9,11,48,1,Pair,seeds,1,0,0,0,1,0,1.8,3.9,14.6,11.2,13.5,17.5,,0,0,0,0,7.5,0.5,,
844,Blue Waxbill,Uraeginthus angolensis,10,12.5,53.9,1,Pair,seeds,1,0,1,0,0,0.5,4,3.5,14.8,10.8,11.5,19,,0,0,0,0,12,,,
846,Common Waxbill,Estrilda astrild,8,12,48.8,1,Pair,seeds,0,0,0,0,1,0,3,5.2,13.9,10.6,11.5,19.5,,0,0,0,0,9,0.61,,
857,Bronze Mannikin,Spermestes cucullatus,10,9.5,49,1,Pair,seeds,1,0,1,0,0,,,4.6,14.4,10.2,14,16,,0,0,0,0,3.4,0.352,1,
860,Pin-tailed Whydah,Vidua macroura,15,12.5,66.8,1,Polyg,seeds,0,0,0,0,1,,,3.1,15.5,11.7,0,0,,0,0,1,0,5.5,,1,
862,Long-tailed Paradise-Whydah,Vidua paradisaea,20,15,75.7,1,Polyg,seeds,1,0,0,0,0,,,3.4,17.7,12.9,0,0,,0,0,1,0,,,1,
864,Dusky Indigobird,Vidua funerea,15,11.5,67.5,1,Polyg,seeds,0,0,0,0,1,,,3,15,12,0,0,,0,0,1,0,2.3,,1,
869,Yellow-fronted Canary,Crithagra mozambicus,12.5,12,68.6,1,Pair,seeds,1,0,1,0,0,1.5,8,3.2,16.3,12.1,13.4,19.2,,0,0,0,0,16.5,0.648,,
877,Brimstone Canary,Crithagra sulphuratus,25,15.5,73.3,1,Pair,seeds,0,0,1,0,0,1.5,6,2.8,19.3,14,14.5,16.4,,0,0,0,0,11.6,0.529,,
881,Streaky-headed Seedeater,Crithagra gularis,20,15,79,1,Pair,seeds,1,0,1,0,0,1.5,12,2.5,18.5,13.8,14,17,,0,0,0,0,9.5,,,
884,Golden-breasted Bunting,Emberiza flaviventris,20,16,80.1,1,Pair,seeds,1,0,1,0,0,0.5,2,2.4,20.3,14.3,13,17,,0,0,0,0,,,,
1000,Aquila spp,Aquila spp,1300,58,431,1,Pair,vertebrates,0,0,0,0,0,,,1,61.5,49,45,72.5,70,0,0,0,1,14,80,,
1001,Acrocephalus spp,Acrocephalus spp,11,13,68.4,0,,invertebrates,0,0,0,0,1,,,,,,,,,0,0,0,0,9.8,51.1,,
